-- phpMyAdmin SQL Dump
-- version 4.7.0
-- https://www.phpmyadmin.net/
--
-- Servidor: 127.0.0.1
-- Tiempo de generación: 14-11-2017 a las 18:12:08
-- Versión del servidor: 10.1.25-MariaDB
-- Versión de PHP: 5.6.31

SET SQL_MODE = "NO_AUTO_VALUE_ON_ZERO";
SET AUTOCOMMIT = 0;
START TRANSACTION;
SET time_zone = "+00:00";


/*!40101 SET @OLD_CHARACTER_SET_CLIENT=@@CHARACTER_SET_CLIENT */;
/*!40101 SET @OLD_CHARACTER_SET_RESULTS=@@CHARACTER_SET_RESULTS */;
/*!40101 SET @OLD_COLLATION_CONNECTION=@@COLLATION_CONNECTION */;
/*!40101 SET NAMES utf8mb4 */;

--
-- Base de datos: `gymgest`
--

-- --------------------------------------------------------

--
-- Estructura de tabla para la tabla `actividadgrupal`
--

CREATE TABLE `actividadgrupal` (
  `idActividadGrupal` int(10) NOT NULL,
  `nombreActividadGrupal` varchar(80) COLLATE utf8_spanish_ci NOT NULL,
  `descripcionActividadGrupal` text COLLATE utf8_spanish_ci,
  `numPlazasActividadGrupal` int(10) NOT NULL,
  `username` varchar(20) COLLATE utf8_spanish_ci NOT NULL,
  `idInstalacion` int(10) NOT NULL
) ENGINE=InnoDB DEFAULT CHARSET=utf8 COLLATE=utf8_spanish_ci;

-- --------------------------------------------------------

--
-- Estructura de tabla para la tabla `actividadindividual`
--

CREATE TABLE `actividadindividual` (
  `idActividadIndividual` int(10) NOT NULL,
  `nombreActividadIndividual` varchar(45) COLLATE utf8_spanish_ci NOT NULL,
  `descripcionActividadIndividual` text COLLATE utf8_spanish_ci
) ENGINE=InnoDB DEFAULT CHARSET=utf8 COLLATE=utf8_spanish_ci;

-- --------------------------------------------------------

--
-- Estructura de tabla para la tabla `deportista`
--

CREATE TABLE `deportista` (
  `userName` varchar(20) COLLATE utf8_spanish_ci NOT NULL,
  `tipoDeportista` char(3) COLLATE utf8_spanish_ci NOT NULL,
  `metodoPago` varchar(45) COLLATE utf8_spanish_ci NOT NULL,
  `idActividadIndividual` int(10) DEFAULT NULL
) ENGINE=InnoDB DEFAULT CHARSET=utf8 COLLATE=utf8_spanish_ci;

--
-- Volcado de datos para la tabla `deportista`
--

INSERT INTO `deportista` (`userName`, `tipoDeportista`, `metodoPago`, `idActividadIndividual`) VALUES
('deportista1', 'PEF', '1234567898765432', NULL),
('deportista2', 'TDU', '5406282043000000', NULL);

-- --------------------------------------------------------

--
-- Estructura de tabla para la tabla `deportista_asignar_tabla`
--

CREATE TABLE `deportista_asignar_tabla` (
  `username` varchar(20) COLLATE utf8_spanish_ci NOT NULL,
  `idTabla` int(10) NOT NULL
) ENGINE=InnoDB DEFAULT CHARSET=utf8 COLLATE=utf8_spanish_ci;

-- --------------------------------------------------------

--
-- Estructura de tabla para la tabla `ejercicio`
--

CREATE TABLE `ejercicio` (
  `idEjercicio` int(10) NOT NULL,
  `nombreEjercicio` varchar(45) COLLATE utf8_spanish_ci NOT NULL,
  `descripcionEjercicio` varchar(255) COLLATE utf8_spanish_ci NOT NULL,
  `giftEjercicio` varchar(500) COLLATE utf8_spanish_ci DEFAULT NULL
) ENGINE=InnoDB DEFAULT CHARSET=utf8 COLLATE=utf8_spanish_ci;

-- --------------------------------------------------------

--
-- Estructura de tabla para la tabla `entrenador`
--

CREATE TABLE `entrenador` (
  `userName` varchar(20) COLLATE utf8_spanish_ci NOT NULL,
  `cuentaBanc` varchar(24) COLLATE utf8_spanish_ci NOT NULL
) ENGINE=InnoDB DEFAULT CHARSET=utf8 COLLATE=utf8_spanish_ci;

--
-- Volcado de datos para la tabla `entrenador`
--

INSERT INTO `entrenador` (`userName`, `cuentaBanc`) VALUES
('entrenador', 'ES1320900000290350000083');

-- --------------------------------------------------------

--
-- Estructura de tabla para la tabla `funcionalidad`
--

CREATE TABLE `funcionalidad` (
  `idFuncionalidad` int(10) NOT NULL,
  `nombreFuncionalidad` varchar(45) COLLATE utf8_spanish_ci NOT NULL,
  `categoriaFuncionalidad` varchar(45) COLLATE utf8_spanish_ci NOT NULL
) ENGINE=InnoDB DEFAULT CHARSET=utf8 COLLATE=utf8_spanish_ci;

--
-- Volcado de datos para la tabla `funcionalidad`
--

INSERT INTO `funcionalidad` (`idFuncionalidad`, `nombreFuncionalidad`, `categoriaFuncionalidad`) VALUES
(1, 'Listar Usuarios', 'Gestion Usuarios'),
(2, 'Insertar Usuarios','Gestion Usuarios'),
(3, 'Modificar Usuarios', 'Gestion Usuarios'),
(100, 'Listar Ejercicios', 'Gestion Ejercicios'),
(101, 'Añadir Ejercicio', 'Gestion Ejercicios'),
(102, 'Borrar Ejercicio', 'Gestion Ejercicios'),
(103, 'Modificar Ejercicio', 'Gestion Ejercicios'),
(104, 'Ver Ejercicio', 'Gestion Ejercicios');

-- --------------------------------------------------------

--
-- Estructura de tabla para la tabla `funcionalidad_pagina`
--

CREATE TABLE `funcionalidad_pagina` (
  `idFuncionalidad` int(10) NOT NULL,
  `idPagina` int(10) NOT NULL
) ENGINE=InnoDB DEFAULT CHARSET=utf8 COLLATE=utf8_spanish_ci;

--
-- Volcado de datos para la tabla `funcionalidad_pagina`
--

INSERT INTO `funcionalidad_pagina` (`idFuncionalidad`, `idPagina`) VALUES
(1, 1),
(2, 2),
(3, 3),
(100,100),
(101, 101),
(102, 102),
(103, 103),
(104, 104);

-- --------------------------------------------------------

--
-- Estructura de tabla para la tabla `funcionalidad_rol`
--

CREATE TABLE `funcionalidad_rol` (
  `idFuncionalidad` int(10) NOT NULL,
  `idRol` int(10) NOT NULL
) ENGINE=InnoDB DEFAULT CHARSET=utf8 COLLATE=utf8_spanish_ci;

--
-- Volcado de datos para la tabla `funcionalidad_rol`
--

INSERT INTO `funcionalidad_rol` (`idFuncionalidad`, `idRol`) VALUES
(1, 1),
(2, 1),
(3, 1),
(3, 2),
(3, 3),
(100,1),
(100,2),
(100,3),
(101,1),
(101,2),
(102,1),
(102,2),
(103,1),
(103,2),
(104,1),
(104,2),
(103,3);

-- --------------------------------------------------------

--
-- Estructura de tabla para la tabla `instalacion`
--

CREATE TABLE `instalacion` (
  `idInstalacion` int(10) NOT NULL,
  `nombreInstalacion` varchar(45) COLLATE utf8_spanish_ci NOT NULL,
  `descipcionInstalacion` varchar(255) COLLATE utf8_spanish_ci DEFAULT NULL,
  `aforoIntalacion` int(10) NOT NULL
) ENGINE=InnoDB DEFAULT CHARSET=utf8 COLLATE=utf8_spanish_ci;

-- --------------------------------------------------------

--
-- Estructura de tabla para la tabla `notificacion`
--

CREATE TABLE `notificacion` (
  `idNotificacion` int(100) NOT NULL,
  `remitenteNotificacion` varchar(100) COLLATE utf8_spanish_ci NOT NULL,
  `destinatarioNotificacion` text COLLATE utf8_spanish_ci NOT NULL,
  `fechaHoraNotificacion` timestamp NOT NULL DEFAULT CURRENT_TIMESTAMP,
  `asuntoNotificacion` varchar(255) COLLATE utf8_spanish_ci DEFAULT NULL,
  `mensajeNotificacion` longtext COLLATE utf8_spanish_ci,
  `username` varchar(25) COLLATE utf8_spanish_ci NOT NULL
) ENGINE=InnoDB DEFAULT CHARSET=utf8 COLLATE=utf8_spanish_ci;

-- --------------------------------------------------------

--
-- Estructura de tabla para la tabla `pagina`
--

CREATE TABLE `pagina` (
  `idPagina` int(10) NOT NULL,
  `linkPagina` varchar(45) COLLATE utf8_spanish_ci NOT NULL,
  `nombrePagina` varchar(80) COLLATE utf8_spanish_ci NOT NULL
) ENGINE=InnoDB DEFAULT CHARSET=utf8 COLLATE=utf8_spanish_ci;

--
-- Volcado de datos para la tabla `pagina`
--

INSERT INTO `pagina` (`idPagina`, `linkPagina`, `nombrePagina`) VALUES
(1, '../Views/USUARIO_SHOWALL_Vista.php', 'USUARIO SHOWALL'),
(2, '../Views/USUARIO_ADD_Vista.php', 'USUARIO ADD'),
(3, '../Views/USUARIO_EDIT_Vista.php', 'USUARIO EDIT'),
(100, '../Views/EJERCICIO_SHOWALL_Vista.php', 'EJERCICIO SHOWALL'),
(101, '../Views/EJERCICIO_ADD_Vista.php','EJERCICIO ADD'),
(102, '../Views/EJERCICIO_DELETE_Vista.php', 'EJERCICIO DELETE'),
(103, '../Views/EJERCICIO_EDIT_Vista.php', 'EJERCICIO EDIT'),
(104, '../Views/EJERCICIO_SHOWCURRENT_Vista.php', 'EJERCICIO SHOW CURRENT');

-- --------------------------------------------------------

--
-- Estructura de tabla para la tabla `rol`
--

CREATE TABLE `rol` (
  `idRol` int(10) NOT NULL,
  `nombreRol` varchar(45) COLLATE utf8_spanish_ci NOT NULL
) ENGINE=InnoDB DEFAULT CHARSET=utf8 COLLATE=utf8_spanish_ci;

--
-- Volcado de datos para la tabla `rol`
--

INSERT INTO `rol` (`idRol`, `nombreRol`) VALUES
(1, 'Administrador'),
(2, 'Entrenador'),
(3, 'Deportista');

-- --------------------------------------------------------

--
-- Estructura de tabla para la tabla `sesion`
--

CREATE TABLE `sesion` (
  `idSesion` int(10) NOT NULL,
  `username` varchar(20) COLLATE utf8_spanish_ci NOT NULL,
  `idTabla` int(10) NOT NULL,
  `comentarioSesion` text COLLATE utf8_spanish_ci,
  `idActividadIndividual` int(10) NOT NULL
) ENGINE=InnoDB DEFAULT CHARSET=utf8 COLLATE=utf8_spanish_ci;

-- --------------------------------------------------------

--
-- Estructura de tabla para la tabla `tabla`
--

CREATE TABLE `tabla` (
  `idTabla` int(10) NOT NULL,
  `idEjercicio` int(10) NOT NULL,
  `descripcionTabla` varchar(255) COLLATE utf8_spanish_ci DEFAULT NULL,
  `repeticiones` int(10) NOT NULL
) ENGINE=InnoDB DEFAULT CHARSET=utf8 COLLATE=utf8_spanish_ci;

-- --------------------------------------------------------

--
-- Estructura de tabla para la tabla `usuario`
--

CREATE TABLE `usuario` (
  `userName` varchar(20) COLLATE utf8_spanish_ci NOT NULL,
  `password` varchar(128) COLLATE utf8_spanish_ci NOT NULL,
  `tipoUsuario` int(10) NOT NULL,
  `nombre` varchar(20) COLLATE utf8_spanish_ci NOT NULL,
  `apellidos` varchar(70) COLLATE utf8_spanish_ci NOT NULL,
  `dni` varchar(9) COLLATE utf8_spanish_ci NOT NULL,
  `fechaNac` date NOT NULL,
  `direccion` varchar(80) COLLATE utf8_spanish_ci DEFAULT NULL,
  `telefono` int(15) DEFAULT NULL,
  `email` varchar(30) COLLATE utf8_spanish_ci DEFAULT NULL,
  `foto` varchar(500) COLLATE utf8_spanish_ci DEFAULT NULL
) ENGINE=InnoDB DEFAULT CHARSET=utf8 COLLATE=utf8_spanish_ci;

--
-- Volcado de datos para la tabla `usuario`
--

INSERT INTO `usuario` (`userName`, `password`, `tipoUsuario`, `nombre`, `apellidos`, `dni`, `fechaNac`, `direccion`, `telefono`, `email`, `foto`) VALUES
('admin', '21232f297a57a5a743894a0e4a801fc3', 1, 'Iván', 'de Dios Fernández', '44488795X', '1994-03-26', 'Avenida Vistahermosa 8, 3ºA', 988252875, 'ivanddf1994@hotmamil.com', NULL),
('deportista1', '5e3ea95c649fe43cbc6e9c1c71071f0f', 3, 'Bruno', 'Romero Rodríguez', '87654321Q', '1995-10-10', 'Paseo de la Castellana 22, 1º', 988767165, 'brunoromero@gmail.com', NULL),
('deportista2', '220a15a78a728aa88fcf45d009705d96', 3, 'Alberto', 'Porral Framiñan', '12678946H', '1992-09-17', 'Manuel Antonio Puga 54, 2ºA', 678987432, 'albertoporral@hotmail.com', NULL),
('entrenador', 'a990ba8861d2b344810851e7e6b49104', 2, 'Ismael', 'Vázquez Fernández', '12345678A', '1995-10-01', 'Avenida de la Albufera 6, 2º', 988767521, 'ismaelvazquez@hotmail.com', NULL);

-- --------------------------------------------------------

--
-- Estructura de tabla para la tabla `usuario_pagina`
--

CREATE TABLE `usuario_pagina` (
  `userName` varchar(20) COLLATE utf8_spanish_ci NOT NULL,
  `idPagina` int(10) NOT NULL
) ENGINE=InnoDB DEFAULT CHARSET=utf8 COLLATE=utf8_spanish_ci;

--
-- Volcado de datos para la tabla `usuario_pagina`
--

INSERT INTO `usuario_pagina` (`userName`, `idPagina`) VALUES
('admin', 1),
('admin', 2),
('admin', 3),
('deportista1',3),
('deportista2',3);


--
-- Índices para tablas volcadas
--

--
-- Indices de la tabla `actividadgrupal`
--
ALTER TABLE `actividadgrupal`
  ADD PRIMARY KEY (`idActividadGrupal`),
  ADD KEY `username` (`username`),
  ADD KEY `idInstalacion` (`idInstalacion`);

--
-- Indices de la tabla `actividadindividual`
--
ALTER TABLE `actividadindividual`
  ADD PRIMARY KEY (`idActividadIndividual`);

--
-- Indices de la tabla `deportista`
--
ALTER TABLE `deportista`
  ADD PRIMARY KEY (`userName`),
  ADD KEY `idActividadIndividual` (`idActividadIndividual`);

--
-- Indices de la tabla `deportista_asignar_tabla`
--
ALTER TABLE `deportista_asignar_tabla`
  ADD PRIMARY KEY (`username`,`idTabla`),
  ADD KEY `idTabla` (`idTabla`);

--
-- Indices de la tabla `ejercicio`
--
ALTER TABLE `ejercicio`
  ADD PRIMARY KEY (`idEjercicio`);

--
-- Indices de la tabla `entrenador`
--
ALTER TABLE `entrenador`
  ADD PRIMARY KEY (`userName`);

--
-- Indices de la tabla `funcionalidad`
--
ALTER TABLE `funcionalidad`
  ADD PRIMARY KEY (`idFuncionalidad`);

--
-- Indices de la tabla `funcionalidad_pagina`
--
ALTER TABLE `funcionalidad_pagina`
  ADD PRIMARY KEY (`idFuncionalidad`,`idPagina`),
  ADD KEY `idPagina` (`idPagina`);

--
-- Indices de la tabla `funcionalidad_rol`
--
ALTER TABLE `funcionalidad_rol`
  ADD PRIMARY KEY (`idFuncionalidad`,`idRol`),
  ADD KEY `idRol` (`idRol`);

--
-- Indices de la tabla `instalacion`
--
ALTER TABLE `instalacion`
  ADD PRIMARY KEY (`idInstalacion`);

--
-- Indices de la tabla `notificacion`
--
ALTER TABLE `notificacion`
  ADD PRIMARY KEY (`idNotificacion`,`username`),
  ADD KEY `username` (`username`);

--
-- Indices de la tabla `pagina`
--
ALTER TABLE `pagina`
  ADD PRIMARY KEY (`idPagina`);

--
-- Indices de la tabla `rol`
--
ALTER TABLE `rol`
  ADD PRIMARY KEY (`idRol`);

--
-- Indices de la tabla `sesion`
--
ALTER TABLE `sesion`
  ADD PRIMARY KEY (`idSesion`,`username`),
  ADD KEY `username` (`username`),
  ADD KEY `idTabla` (`idTabla`),
  ADD KEY `idActividadIndividual` (`idActividadIndividual`);

--
-- Indices de la tabla `tabla`
--
ALTER TABLE `tabla`
  ADD PRIMARY KEY (`idTabla`),
  ADD KEY `idEjercicio` (`idEjercicio`);

--
-- Indices de la tabla `usuario`
--
ALTER TABLE `usuario`
  ADD PRIMARY KEY (`userName`),
  ADD UNIQUE KEY `dni` (`dni`),
  ADD UNIQUE KEY `email` (`email`),
  ADD KEY `tipoUsuario` (`tipoUsuario`);

--
-- Indices de la tabla `usuario_pagina`
--
ALTER TABLE `usuario_pagina`
  ADD PRIMARY KEY (`userName`,`idPagina`),
  ADD KEY `idPagina` (`idPagina`);

--
-- AUTO_INCREMENT de las tablas volcadas
--

--
-- AUTO_INCREMENT de la tabla `actividadgrupal`
--
ALTER TABLE `actividadgrupal`
  MODIFY `idActividadGrupal` int(10) NOT NULL AUTO_INCREMENT;
--
-- AUTO_INCREMENT de la tabla `actividadindividual`
--
ALTER TABLE `actividadindividual`
  MODIFY `idActividadIndividual` int(10) NOT NULL AUTO_INCREMENT;
--
-- AUTO_INCREMENT de la tabla `ejercicio`
--
ALTER TABLE `ejercicio`
  MODIFY `idEjercicio` int(10) NOT NULL AUTO_INCREMENT;
--
-- AUTO_INCREMENT de la tabla `funcionalidad`
--
ALTER TABLE `funcionalidad`
  MODIFY `idFuncionalidad` int(10) NOT NULL AUTO_INCREMENT, AUTO_INCREMENT=8;
--
-- AUTO_INCREMENT de la tabla `instalacion`
--
ALTER TABLE `instalacion`
  MODIFY `idInstalacion` int(10) NOT NULL AUTO_INCREMENT;
--
-- AUTO_INCREMENT de la tabla `notificacion`
--
ALTER TABLE `notificacion`
  MODIFY `idNotificacion` int(100) NOT NULL AUTO_INCREMENT;
--
-- AUTO_INCREMENT de la tabla `pagina`
--
ALTER TABLE `pagina`
  MODIFY `idPagina` int(10) NOT NULL AUTO_INCREMENT, AUTO_INCREMENT=7;
--
-- AUTO_INCREMENT de la tabla `rol`
--
ALTER TABLE `rol`
  MODIFY `idRol` int(10) NOT NULL AUTO_INCREMENT, AUTO_INCREMENT=4;
--
-- AUTO_INCREMENT de la tabla `sesion`
--
ALTER TABLE `sesion`
  MODIFY `idSesion` int(10) NOT NULL AUTO_INCREMENT;
--
-- AUTO_INCREMENT de la tabla `tabla`
--
ALTER TABLE `tabla`
  MODIFY `idTabla` int(10) NOT NULL AUTO_INCREMENT;
--
-- Restricciones para tablas volcadas
--

--
-- Filtros para la tabla `actividadgrupal`
--
ALTER TABLE `actividadgrupal`
  ADD CONSTRAINT `actividadgrupal_ibfk_1` FOREIGN KEY (`username`) REFERENCES `entrenador` (`username`) ON DELETE CASCADE ON UPDATE CASCADE,
  ADD CONSTRAINT `actividadgrupal_ibfk_2` FOREIGN KEY (`idInstalacion`) REFERENCES `instalacion` (`idInstalacion`) ON DELETE CASCADE ON UPDATE CASCADE;

--
-- Filtros para la tabla `deportista`
--
ALTER TABLE `deportista`
  ADD CONSTRAINT `deportista_ibfk_1` FOREIGN KEY (`username`) REFERENCES `usuario` (`userName`),
  ADD CONSTRAINT `deportista_ibfk_2` FOREIGN KEY (`idActividadIndividual`) REFERENCES `actividadindividual` (`idActividadIndividual`);

--
-- Filtros para la tabla `deportista_asignar_tabla`
--
ALTER TABLE `deportista_asignar_tabla`
  ADD CONSTRAINT `deportista_asignar_tabla_ibfk_1` FOREIGN KEY (`username`) REFERENCES `deportista` (`username`) ON DELETE CASCADE ON UPDATE CASCADE,
  ADD CONSTRAINT `deportista_asignar_tabla_ibfk_2` FOREIGN KEY (`idTabla`) REFERENCES `tabla` (`idTabla`) ON DELETE CASCADE ON UPDATE CASCADE;

--
-- Filtros para la tabla `entrenador`
--
ALTER TABLE `entrenador`
  ADD CONSTRAINT `entrenador_ibfk_1` FOREIGN KEY (`username`) REFERENCES `usuario` (`userName`);

--
-- Filtros para la tabla `funcionalidad_pagina`
--
ALTER TABLE `funcionalidad_pagina`
  ADD CONSTRAINT `funcionalidad_pagina_ibfk_1` FOREIGN KEY (`idFuncionalidad`) REFERENCES `funcionalidad` (`idFuncionalidad`) ON DELETE CASCADE ON UPDATE CASCADE,
  ADD CONSTRAINT `funcionalidad_pagina_ibfk_2` FOREIGN KEY (`idPagina`) REFERENCES `pagina` (`idPagina`) ON DELETE CASCADE ON UPDATE CASCADE;

--
-- Filtros para la tabla `funcionalidad_rol`
--
ALTER TABLE `funcionalidad_rol`
  ADD CONSTRAINT `funcionalidad_rol_ibfk_1` FOREIGN KEY (`idFuncionalidad`) REFERENCES `funcionalidad` (`idFuncionalidad`) ON DELETE CASCADE ON UPDATE CASCADE,
  ADD CONSTRAINT `funcionalidad_rol_ibfk_2` FOREIGN KEY (`idRol`) REFERENCES `rol` (`idRol`) ON DELETE CASCADE ON UPDATE CASCADE;

--
-- Filtros para la tabla `notificacion`
--
ALTER TABLE `notificacion`
  ADD CONSTRAINT `notificacion_ibfk_1` FOREIGN KEY (`username`) REFERENCES `usuario` (`userName`) ON DELETE CASCADE ON UPDATE CASCADE;

--
-- Filtros para la tabla `sesion`
--
ALTER TABLE `sesion`
  ADD CONSTRAINT `sesion_ibfk_1` FOREIGN KEY (`username`) REFERENCES `deportista` (`username`) ON DELETE CASCADE ON UPDATE CASCADE,
  ADD CONSTRAINT `sesion_ibfk_2` FOREIGN KEY (`idTabla`) REFERENCES `tabla` (`idTabla`) ON DELETE CASCADE ON UPDATE CASCADE,
  ADD CONSTRAINT `sesion_ibfk_3` FOREIGN KEY (`idActividadIndividual`) REFERENCES `actividadindividual` (`idActividadIndividual`) ON DELETE CASCADE ON UPDATE CASCADE;

--
-- Filtros para la tabla `tabla`
--
ALTER TABLE `tabla`
  ADD CONSTRAINT `tabla_ibfk_1` FOREIGN KEY (`idEjercicio`) REFERENCES `ejercicio` (`idEjercicio`) ON DELETE CASCADE ON UPDATE CASCADE;

--
-- Filtros para la tabla `usuario`
--
ALTER TABLE `usuario`
  ADD CONSTRAINT `usuario_ibfk_1` FOREIGN KEY (`tipoUsuario`) REFERENCES `rol` (`idRol`) ON DELETE CASCADE ON UPDATE CASCADE;

--
-- Filtros para la tabla `usuario_pagina`
--
ALTER TABLE `usuario_pagina`
  ADD CONSTRAINT `usuario_pagina_ibfk_1` FOREIGN KEY (`userName`) REFERENCES `usuario` (`userName`) ON DELETE CASCADE ON UPDATE CASCADE,
  ADD CONSTRAINT `usuario_pagina_ibfk_2` FOREIGN KEY (`idPagina`) REFERENCES `pagina` (`idPagina`) ON DELETE CASCADE ON UPDATE CASCADE;
COMMIT;

/*!40101 SET CHARACTER_SET_CLIENT=@OLD_CHARACTER_SET_CLIENT */;
/*!40101 SET CHARACTER_SET_RESULTS=@OLD_CHARACTER_SET_RESULTS */;
/*!40101 SET COLLATION_CONNECTION=@OLD_COLLATION_CONNECTION */;
